Channel,Region,Fresh,Milk,Grocery,Frozen,Detergents_Paper,Delicassen
1,3,10728,3173,6393,1428,1165,580
1,2,10117,927,11597,545,1251,248
1,3,15438,854,2609,1300,873,3115
2,3,6642,6666,17266,2094,329,889
2,3,1380,3586,4339,969,30237,1996
1,3,112151,982,7832,493,551,2215
1,3,12365,4179,3277,7471,16763,1491
2,3,7050,1377,11870,465,6675,1163
2,3,5218,4334,17614,1625,1527,220
1,3,907,4016,11501,4254,8472,1847
1,3,4008,993,2919,1914,967,1903
1,3,1421,22377,2952,1627,1507,557
1,3,6562,2308,1781,6411,4407,2437
1,2,3142,58492,4533,12320,1037,1742
2,2,6647,4040,9018,2223,1345,1127
1,1,7238,5386,4334,3759,960,201
2,1,11413,5098,7733,2465,4547,3559
1,3,4521,6734,14544,9425,14098,355
1,3,12836,1345,8288,355,10792,40
2,1,7187,6708,42094,4130,1701,2186
1,3,16734,15654,12079,5066,1208,2775
1,1,8160,2825,3073,529,317,14
1,3,2748,520,9859,6866,1163,548
1,3,13915,2184,5707,3121,1003,1742
1,3,3972,710,9437,1090,1824,580
1,3,8444,4030,17618,175,283,377
2,3,7040,4352,1894,1885,1183,6004
1,3,34467,1492,2628,1410,371,1259
1,1,54189,4504,5919,535,5492,348
1,3,2388,2127,12332,5365,2788,1858
1,3,1678,2199,6102,252,567,428
1,3,36008,4054,9150,450,1417,105
2,3,3025,1150,4782,388,1815,428
1,3,4010,5930,2655,1648,8008,1230
1,3,7196,1084,18261,496,1612,398
1,3,6134,3652,6054,569,811,148
2,3,25316,3438,10932,10653,3031,5598
1,1,7305,2395,5191,1489,2360,609
2,3,5582,5219,4871,5276,3494,292
1,1,7006,3747,3831,1261,3721,1009
1,3,2593,59775,12611,1976,2835,17901
1,3,5251,19113,17396,1895,1177,511
2,3,8045,1104,1960,25065,462,408
1,2,4101,848,4274,243,1029,4763
2,3,4894,14102,2341,14142,1680,109
2,3,3260,9410,4519,1651,7081,5503
2,3,13632,435,7371,3360,81,1054
1,3,8652,2148,1448,4644,1809,757
1,2,3272,4618,3414,285,5135,873
1,3,7315,1345,12638,3231,206,1606
1,3,17895,8749,11619,1085,8677,90
1,3,4052,2591,741,1619,8480,7290
1,3,1718,11819,3727,2564,2120,1338
1,1,11378,17410,11298,3819,874,1439
1,3,23835,10127,5522,2408,1486,864
2,3,4347,14209,2375,1463,15165,407
1,3,2019,11017,5185,843,1764,2990
1,1,9905,7787,59846,2699,2561,1037
2,3,27936,1696,2293,3037,3700,1360
1,3,3722,4010,992,4801,6996,1149
2,2,16279,5707,6814,8950,10018,459
2,3,2578,3463,6556,7951,469,876
1,1,7718,2237,2942,2205,3509,309
1,3,2558,3559,5088,2248,626,113
2,3,42569,3217,13674,3651,945,174
1,3,2307,6643,2212,3026,1545,374
1,3,7025,3722,6346,919,5941,1353
1,3,17333,7163,16393,291,5404,2205
1,1,2213,12742,858,1078,2817,293
2,3,13713,2450,14046,482,5049,2046
2,3,4508,4062,15145,985,2692,1697
2,3,1459,7377,1536,968,593,188
1,1,2038,4342,9161,2172,814,3293
2,3,7922,11317,66060,258,1914,4068
1,3,7415,4070,4347,5830,754,197
1,1,5308,24044,8012,1696,2244,239
1,1,4983,587,14596,4291,786,763
1,3,12800,1462,3022,2325,1790,916
1,3,4743,1003,7293,1873,1802,867
1,3,4855,1587,5915,1823,1234,659
1,3,6187,6672,38145,1923,1075,138
2,3,45355,785,14621,4634,1864,492
2,1,9287,5865,1881,1971,3475,465
2,2,4951,2064,7207,3556,764,734
2,1,47248,1677,7691,1054,2235,465
1,2,42229,2808,18585,905,492,1993
1,3,17325,21655,23598,650,285,299
1,1,15799,7771,23655,2041,4438,684
1,3,10034,17050,10470,1817,568,721
1,3,31712,2469,5809,655,11404,592
1,3,5499,10986,11273,121,1458,1524
1,3,15640,16590,6509,3896,3586,739
1,1,13953,5234,5003,1816,1614,5409
1,1,4337,4556,2735,1090,270,5929
1,3,3128,3933,5100,5776,1579,3401
1,3,9105,10265,21085,1329,621,2281
2,3,19910,5906,5363,359,4099,279
1,3,3163,2502,6778,5072,2355,59
1,3,17708,2534,3742,689,1189,595
1,3,6505,4571,3927,1298,521,246
1,3,8170,2960,4963,873,2733,356
1,3,4290,7684,1200,587,5486,1616
1,3,9582,1148,4197,2219,1977,6742
1,2,6796,3093,28530,4292,1485,149
1,3,37506,3377,5835,3679,3644,4327
1,3,10333,13440,2627,2897,1298,259
1,3,8827,4500,2356,2309,1090,176
2,2,4950,1378,4764,2860,188,1891
2,3,5215,975,13385,1314,2426,154
2,3,4726,484,2409,1471,6764,1493
1,3,12318,682,14124,2884,1907,441
1,3,14846,3052,4051,3837,1842,242
1,1,7650,17371,4973,597,1455,398
2,3,8833,2708,13250,389,3016,129
1,3,14112,12745,2215,2230,609,470
1,3,8993,5806,1256,23099,2942,905
1,3,6549,23398,1313,11765,3452,1238
1,3,2056,1556,2700,4255,2123,692
1,3,10978,3312,14355,262,188,185
1,2,4582,8087,4009,2708,4190,269
1,1,40333,14857,2529,541,3557,7358
1,2,2674,2489,6512,957,1985,2981
1,3,3946,747,7702,9266,11081,307
1,3,8736,2487,5055,1639,18127,909
2,2,25910,3689,5117,2505,1798,370
1,3,8435,10962,3148,12301,28489,564
1,1,10434,17199,7532,10169,10973,327
2,3,14606,2375,11475,370,859,905
1,3,5511,5609,2088,649,1136,2621
1,2,15272,2141,8316,451,1553,134
1,3,1031,1868,5917,2549,2129,1473
1,1,6941,714,40332,326,540,1182
1,2,9110,683,271,829,239,3543
1,1,5702,1458,15165,744,1332,6070
1,3,4414,2284,876,12977,1026,320
1,3,8787,951,3755,673,2989,2132
1,1,14227,4316,4594,1172,1359,1725
1,3,7036,5199,2894,822,1013,203
1,2,4219,14034,14846,3822,1767,4109
1,3,6751,2423,6257,175,122,110
2,3,15374,8000,26762,1907,1458,710
2,1,4972,3743,11886,134,11707,569
1,2,5877,4853,1719,668,2281,3391
1,3,3186,6157,13005,6281,805,215
2,3,4388,3514,5543,1230,3856,2023
1,3,4147,7792,1010,2504,728,3198
1,2,13138,2210,933,3550,923,203
1,3,9945,2444,11392,1117,2113,812
2,3,20447,3163,4743,1023,6641,194
1,3,67315,5022,3844,6280,6262,1784
1,3,16521,1202,20639,3898,370,527
2,1,4477,5526,4087,319,10106,225
1,3,8953,2807,4807,482,248,1105
1,3,19599,630,3279,1558,783,317
2,1,10774,19347,5254,788,3609,239
2,3,12545,10765,6550,391,1867,4732
2,3,6329,5586,4099,60869,10957,1206
1,1,7203,27285,9270,3817,1172,475
2,3,7088,8858,1369,12000,738,1004
1,3,17062,2403,8214,5704,660,569
1,1,16985,530,1946,3209,3687,52
1,1,13311,5646,1823,3231,3482,357
1,1,22087,15754,17984,5141,979,1712
1,3,3893,12517,4615,10687,1395,114
1,1,13161,8568,8140,2992,1174,266
2,3,2853,7161,10966,341,1048,401
2,1,5417,9262,492,6982,5119,3142
1,3,1888,4294,2753,600,3744,548
1,1,9439,527,6896,4120,472,260
2,1,4515,3759,8135,284,10960,792
2,3,3732,1885,2331,472,3538,1259
1,1,38931,1509,3910,3442,717,3359
2,3,3478,7755,7256,1146,408,200
1,3,3251,12992,6783,857,2307,1138
1,3,4075,1074,1321,541,2392,260
1,3,18556,10606,1498,2280,1009,1285
1,3,4582,797,16003,546,1215,1167
1,3,18760,1758,2526,2467,690,3697
1,3,1847,2568,25417,454,3212,536
1,1,8229,10793,6053,378,2509,402
1,3,25938,15233,1861,7557,395,9945
2,1,2538,2089,5208,1117,851,1130
2,2,5084,8009,5298,208,140,268
2,1,826,5645,8981,1917,24117,193
1,3,23195,1770,12416,5225,1879,430
1,3,11525,1156,3606,1861,1861,214
1,1,4511,2613,31418,3023,1863,1733
2,3,4966,824,3805,601,640,500
1,3,18345,5981,27709,2752,914,2131
1,3,18564,1234,25167,6962,5195,121
2,3,26205,1218,3787,2135,723,385
1,3,7466,6705,9286,5376,2284,1712
1,1,7090,5989,5432,585,14274,72
1,3,14209,19506,5647,6305,323,2625
1,3,5730,3671,2791,1879,3545,483
1,1,10671,26856,2985,2266,2183,479
1,3,7423,2067,10145,3492,1330,293
1,1,2433,962,1053,1053,8882,559
1,3,6393,19953,2715,1698,1509,965
2,2,8579,7726,3810,1602,1139,420
2,3,7697,11855,10151,606,233,322
1,3,23116,379,5315,6500,1363,729
1,3,10818,1566,7599,106,3441,686
2,3,9406,4493,5774,933,1693,2819
2,1,5814,7547,19436,273,277,397
1,3,9834,2883,5165,1457,1502,695
1,2,20105,6057,4099,1769,25248,396
1,1,37055,5168,1646,1323,10544,873
1,3,12409,2721,7084,5357,1034,3388
1,3,4556,3416,5747,933,6897,6410
1,1,16045,5343,2363,824,5601,628
2,3,5275,1011,5740,51577,8608,618
2,3,27051,5061,3027,1031,2118,1235
2,3,3533,1376,6011,1346,452,3385
2,3,12411,3148,5894,2553,1540,1827
1,3,28034,347,5092,811,409,324
2,3,15470,9449,1223,2592,6207,402
2,3,9315,9407,5825,857,3072,171
1,3,4233,1461,2285,2313,1486,1416
1,3,17128,1925,5982,574,596,542
1,3,14323,3073,16422,11806,606,918
1,3,11156,9826,7472,1000,8528,1140
1,1,4280,3305,14111,540,643,1916
1,3,13011,1712,3361,468,662,2388
2,1,7065,5170,2800,1807,629,222
1,3,1879,9165,2885,2172,14975,361
2,3,4498,927,9127,2126,2219,362
1,3,18558,2638,3172,8474,273,413
1,3,2572,2553,4164,3463,1077,586
1,3,35078,874,11937,3767,476,1017
1,3,10335,3849,2118,7463,802,711
2,1,2051,7450,1381,200,971,119
1,3,19116,16702,7814,657,1575,1041
2,3,5154,4987,2428,4633,2015,77
1,3,10062,8090,8745,16006,4355,92
1,3,6478,13194,4422,2620,579,1418
2,3,9009,1569,2788,1235,3044,2805
1,3,9077,3881,6326,636,298,216
2,3,2064,18746,5867,784,1866,2261
2,1,7358,671,17154,694,3552,1982
2,1,3126,1157,645,1369,2280,560
2,3,16325,1456,3735,1086,6250,232
2,2,5674,5437,709,4918,7729,330
1,3,5427,5566,6204,414,484,907
1,2,13727,459,20070,3242,11776,4077
2,2,10107,8959,9985,4663,316,901
1,2,16079,2541,5505,1652,1019,1084
1,1,4624,2916,1057,389,289,1401
2,3,2418,3376,1420,2994,1183,288
1,3,2994,15725,9700,604,3261,1144
1,3,7657,1239,1870,670,2526,1215
2,3,1808,4416,3986,11997,11745,293
1,3,1059,3822,5112,586,868,242
1,3,4598,3620,27253,999,14579,180
1,1,10510,2137,2793,855,2240,2173
1,1,15645,1788,441,10534,5349,520
1,1,20006,6059,598,2202,1770,121
2,3,4230,3308,9182,320,1462,319
1,3,12437,12032,3029,726,1058,1794
1,3,11072,3814,2699,2065,1954,351
2,3,1538,3198,6191,1706,4876,1226
1,3,11562,2746,1438,2739,1323,6557
1,1,7342,3821,13368,6592,540,5276
1,3,10911,7628,9208,338,1123,140
1,3,4200,13284,1821,1518,188,223
2,2,12339,649,26994,372,216,1540
2,3,16014,1320,32851,539,982,150
1,3,9182,477,2361,1919,1910,2648
1,3,33464,4681,3890,2110,2486,131
1,3,10199,15022,2770,739,3404,740
1,3,3518,4378,2332,635,2592,8528
1,3,8970,8097,54980,405,681,104
1,3,26973,2261,8278,354,1479,94
2,3,4518,3249,4824,4191,2808,539
2,3,8539,4260,4824,1844,622,456
1,3,5078,3199,2339,1699,967,57
1,3,5397,553,3194,429,2194,143
1,3,2542,9290,11815,229,5330,10378
1,3,16796,13526,4064,3494,754,5209
1,3,22610,9771,4720,1527,1359,2991
1,3,3955,10271,3882,2744,6780,121
2,1,15437,2146,5606,2304,10939,677
1,3,7299,6915,10336,1591,658,807
2,1,9536,5600,18880,1183,1201,367
1,3,8917,24190,991,4113,2877,392
1,3,5615,6028,2250,2395,3485,64
2,1,6567,12249,4408,1710,1279,138
2,3,17562,1471,3714,2559,343,1154
2,3,7807,2992,14875,1123,371,635
2,3,6959,123,10051,9487,1704,678
2,2,27954,2421,5423,1005,72,137
1,3,3243,7222,9579,1182,386,272
1,1,10696,6541,13064,678,1120,5802
1,1,8928,6920,3945,332,4308,423
1,3,12029,22393,12811,679,2354,983
1,3,7454,2278,10958,208,9156,1255
1,3,3833,73498,2716,1096,1055,301
1,3,6955,4488,5026,3178,37715,1199
1,3,1885,1678,10832,2527,2019,4416
1,2,4497,32455,5445,1517,5674,1368
2,3,2242,2676,6819,391,201,6845
2,3,6576,8334,2481,4630,1457,820
1,3,11190,6023,50308,331,194,348
1,1,4261,1199,12212,350,3003,704
1,3,993,1852,5883,5713,1031,201
1,3,15850,892,21716,1602,745,12006
1,1,4334,15918,1365,1771,13666,722
1,3,19665,2162,5385,541,1648,3813
1,1,5475,17503,21549,250,705,122
2,2,8055,4513,1131,361,1020,519
2,2,7599,7725,18145,1279,4835,58
1,3,21638,1540,24657,7627,1942,4
2,2,19000,903,8468,747,9873,130
1,1,2277,3959,4611,1840,533,1019
2,3,7911,39852,3706,5497,3691,592
1,3,19804,909,7123,2996,32146,201
1,3,10912,1037,3168,833,40827,67
2,1,4404,1051,3474,921,1582,2838
1,2,8848,9908,16409,583,3222,3725
2,3,10788,20083,2053,1213,962,1997
2,3,6768,5158,8393,5362,955,1506
1,2,4143,1102,4685,13695,2195,468
1,3,5343,3992,3251,967,575,3176
1,3,8252,3227,16102,3476,301,3334
1,3,23488,4053,1879,1465,1841,2562
2,3,6457,862,2474,57981,5250,470
2,3,5049,7347,1555,307,532,486
1,3,2939,11791,6966,2898,548,816
1,3,4270,3361,4489,5987,1416,396
1,2,10893,18971,4496,367,3886,33
1,3,4330,1851,14350,697,8733,1435
1,3,13729,20542,1836,2450,3638,433
1,3,581,1622,2928,11798,5902,842
2,3,12684,3331,4863,388,10045,1676
1,3,15048,7214,3079,8956,1533,250
1,3,46792,8721,11301,1201,5781,175
1,3,12915,4082,5799,839,23741,249
2,3,8438,2070,508,636,1102,382
1,2,30830,3958,3727,581,1164,35
2,3,21669,5170,1639,2291,462,896
1,3,4575,28430,1463,2039,7390,487
2,3,10679,3453,8291,634,1996,3589
1,1,11303,4494,41090,302,1452,71
2,3,35487,896,15143,928,1373,1695
2,3,3058,3521,10073,163,4061,968
1,3,23962,2493,3786,533,1054,438
1,3,4308,1070,27067,495,790,4213
2,3,18597,7975,18014,1004,2927,1259
2,3,8405,1775,3449,1581,1646,557
1,3,12281,2667,12900,107,2286,2226
2,3,8895,2309,3707,28198,1806,244
2,3,9367,7970,6793,1757,659,1262
1,1,7176,1531,22366,509,1209,309
2,3,20428,4280,6529,770,132,1085
1,3,8085,12981,15200,764,2492,4820
1,3,19427,8376,2628,709,605,294
1,3,28631,1307,4977,5792,928,3045
1,3,49481,11017,21948,537,353,2464
1,3,22475,2036,29686,3891,1353,9057
2,3,40719,3639,12356,3785,3168,1467
1,3,5557,2544,1626,9169,754,1411
2,2,41100,6719,4310,4253,3239,88
2,3,3638,3045,1784,3453,6777,1095
1,3,12214,1767,1722,1260,558,197
2,3,21532,6348,2012,5740,7064,413
2,3,3098,1203,3012,2157,576,235
1,1,8706,33490,13333,10651,3001,1389
1,3,38069,1660,1851,3313,365,1696
2,3,7721,7246,2744,1681,9560,823
1,1,7222,14492,12770,1000,10099,85
1,3,22237,15535,28368,2469,6284,561
2,2,2277,4809,4971,3852,2267,5697
1,3,8569,12368,6088,22226,2215,617
1,3,5334,815,1691,2772,716,3703
1,3,4545,3783,4463,3360,777,125
2,3,1522,1851,4225,4600,2043,1869
2,3,16262,440,18904,324,433,15423
1,3,7844,12477,12636,1230,292,1263
1,3,20116,1700,4560,174,8398,4450
1,3,2953,33393,7222,750,1394,1499
1,3,20664,7694,4244,1214,1260,251
1,3,3045,1625,2930,5390,5343,1058
1,3,2858,10738,55597,9442,270,1083
1,3,2668,1133,3877,1160,569,337
2,3,6595,8531,827,1796,1189,1620
1,3,1842,594,2332,1309,2478,1152
1,3,7077,6526,10893,1660,535,304
2,3,7107,8514,3892,1250,452,1846
1,3,16317,6282,2938,3575,333,273
1,1,7471,5098,11494,1307,993,206
1,1,12412,775,5880,6642,156,356
1,3,6585,4787,1476,5409,2555,986
2,3,1872,10805,10494,799,3725,526
2,3,51447,12486,4445,1856,1585,271
1,3,6744,14841,2641,2617,28380,263
2,3,7068,11719,4313,1896,503,630
1,3,2267,8254,13992,540,5217,1031
1,3,7244,7563,5176,1380,4343,4701
2,3,6936,2439,14974,18093,2989,1948
1,3,2329,920,5817,1940,939,1606
2,1,5382,4837,1299,513,918,322
2,3,5547,2068,1275,1164,358,382
1,3,5441,6708,734,2275,3345,641
2,3,7939,5294,7701,873,157,2597
1,2,2303,2526,4750,4700,673,1043
1,3,9442,2928,1373,780,483,465
2,3,16380,2185,6008,4655,16697,128
1,2,29384,4842,6625,4488,317,2108
1,2,1050,1336,4548,456,5429,79
1,3,2937,1479,3751,820,4248,4368
2,3,8098,6654,10049,532,1781,905
2,3,1999,3856,6096,7247,2899,218
2,3,17207,1879,4696,867,1723,611
2,2,5300,1527,1457,7011,2166,404
1,2,4585,1161,16461,6356,1767,56
1,3,25152,1464,5845,1277,2847,1338
1,1,2544,4852,4569,851,1822,1536
2,3,11142,1762,9809,145,424,26
1,1,14282,1517,3413,2362,1623,2656
1,3,4695,1603,6493,2410,440,342
1,3,10516,1202,2846,7186,512,155
1,2,13503,4003,8096,3055,5131,42
1,3,3960,2110,1730,3755,799,604
1,3,2222,11796,5255,1485,661,1771
1,3,4655,19695,4004,9366,5869,819
2,3,2721,1963,4400,1258,595,390
1,3,4443,5245,5407,689,181,1231
1,3,6497,5291,4650,2961,1148,1955
2,3,9217,17097,3781,1056,8677,240
2,3,9488,4158,3268,2986,4885,500
1,3,4185,5572,2329,1782,249,277
2,3,8957,6672,14503,365,1558,2601
1,2,4662,4027,10063,607,3272,25624
1,1,10721,5501,1579,5706,1239,1456
1,3,23347,11534,2190,3379,3478,2077
1,2,9769,9608,11637,2324,2608,121
2,3,14847,3205,5196,3564,1213,172
1,3,8062,3987,2045,1832,2252,497
1,2,2062,8271,14621,1114,1078,165
2,2,24677,748,2679,1370,685,320
