Store,Date,Product,Units_Sold,Unit_Price,Discount_Percent,Sales,Profit
Store_C,2026-01-01,Laptop,27.0,80.0,15.0,1836.0,329.19
Store_C,2026-01-02,Tablet,22.0,250.0,0.0,5500.0,1047.61
Store_A,2026-01-03,Tablet,12.0,250.0,5.0,2850.0,268.91
Store_C,2026-01-04,Headphones,29.0,80.0,10.0,2088.0,314.63
Store_A,2026-01-05,Headphones,13.0,500.0,5.0,6175.0,537.68
Store_B,2026-01-06,Keyboard,11.0,120.0,5.0,1254.0,205.63
Store_B,2026-01-07,Laptop,27.0,25.0,0.0,675.0,91.85
Store_A,2026-01-08,Tablet,12.0,500.0,5.0,,596.04
Store_A,2026-01-09,Phone,4.0,120.0,0.0,480.0,46.84
Store_C,2026-01-10,Laptop,15.0,250.0,5.0,3562.5,640.89
Store_B,2026-01-11,Headphones,24.0,120.0,10.0,2592.0,282.53
Store_B,2026-01-12,Keyboard,7.0,120.0,10.0,756.0,179.38
Store_B,2026-01-13,Tablet,14.0,25.0,10.0,315.0,56.32
Store_B,2026-01-14,Tablet,5.0,120.0,5.0,570.0,79.21
Store_C,2026-01-15,Tablet,21.0,500.0,15.0,8925.0,1610.57
Store_A,2026-01-16,Tablet,15.0,60.0,0.0,900.0,75.49
Store_C,2026-01-17,Headphones,11.0,120.0,5.0,1254.0,304.67
Store_C,2026-01-18,Laptop,8.0,25.0,0.0,200.0,32.4
Store_B,2026-01-19,Keyboard,17.0,60.0,5.0,969.0,206.46
Store_A,2026-01-20,Headphones,20.0,80.0,15.0,1360.0,127.93
Store_A,2026-01-21,Headphones,28.0,800.0,5.0,21280.0,3462.94
Store_C,2026-01-22,Phone,14.0,40.0,15.0,476.0,77.79
Store_C,2026-01-23,Laptop,6.0,60.0,5.0,342.0,81.89
Store_A,2026-01-24,Keyboard,25.0,80.0,10.0,1800.0,318.95
Store_A,2026-01-25,Tablet,19.0,800.0,5.0,14440.0,2317.52
Store_A,2026-01-26,Tablet,300.0,500.0,5.0,9975.0,1250.72
Store_A,2026-01-27,Headphones,4.0,25.0,15.0,85.0,11.59
Store_C,2026-01-28,Keyboard,10.0,40.0,15.0,340.0,57.29
Store_C,2026-01-29,Headphones,23.0,500.0,5.0,10925.0,1689.17
Store_A,2026-01-30,Headphones,25.0,25.0,15.0,531.25,44.45
Store_C,2026-01-31,Headphones,14.0,500.0,5.0,6650.0,1466.12
Store_A,2026-02-01,Phone,24.0,60.0,10.0,1296.0,301.12
Store_B,2026-02-02,Laptop,25.0,800.0,15.0,17000.0,1765.32
Store_B,2026-02-03,Headphones,12.0,60.0,5.0,684.0,119.14
Store_C,2026-02-04,Keyboard,27.0,80.0,10.0,1944.0,191.4
Store_C,2026-02-05,Laptop,10.0,250.0,5.0,2375.0,461.42
Store_A,2026-02-06,Keyboard,8.0,40.0,0.0,320.0,40.9
Store_A,2026-02-07,Keyboard,21.0,120.0,0.0,2520.0,484.1
Store_A,2026-02-08,Phone,19.0,120.0,5.0,2166.0,440.97
Store_A,2026-02-09,Tablet,5.0,500.0,15.0,2125.0,447.67
Store_C,2026-02-10,Laptop,25.0,800.0,0.0,20000.0,1966.32
Store_C,2026-02-11,Tablet,7.0,250.0,5.0,1662.5,391.89
Store_A,2026-02-12,Tablet,24.0,80.0,10.0,1728.0,205.87
Store_C,2026-02-13,Phone,2.0,80.0,0.0,160.0,13.82
Store_B,2026-02-14,Laptop,24.0,80.0,10.0,1728.0,301.23
Store_B,2026-02-15,Keyboard,24.0,500.0,5.0,11400.0,1630.85
Store_B,2026-02-16,Headphones,23.0,60.0,15.0,1173.0,259.31
Store_A,2026-02-17,Keyboard,20.0,40.0,10.0,720.0,156.53
Store_C,2026-02-18,Tablet,15.0,60.0,10.0,810.0,108.47
Store_A,2026-02-19,Tablet,21.0,25.0,0.0,525.0,127.05
Store_A,2026-02-20,Tablet,9.0,25.0,5.0,213.75,27.67
Store_A,2026-02-21,Laptop,23.0,25.0,15.0,488.75,81.89
Store_A,2026-02-22,Phone,17.0,500.0,0.0,8500.0,1049.87
Store_A,2026-02-23,Headphones,14.0,250.0,15.0,2975.0,711.4
Store_A,2026-02-24,Headphones,16.0,250.0,5.0,3800.0,410.34
Store_C,2026-02-25,Laptop,17.0,80.0,10.0,1224.0,107.27
Store_C,2026-02-26,Headphones,3.0,250.0,10.0,675.0,103.93
Store_A,2026-02-27,Laptop,5.0,40.0,5.0,190.0,47.25
Store_A,2026-02-28,Tablet,8.0,800.0,5.0,6080.0,1408.04
Store_B,2026-03-01,Tablet,5.0,120.0,10.0,540.0,111.92
Store_B,2026-01-13,Tablet,14.0,25.0,10.0,315.0,56.32
